MU?,NAME,CUISINE,BUDGET,NIEGHBORHOOD,DETAILS/NOTES,SOURCE 1,SOURCE 2,SOURCE 3,SOURCE 4,SOURCE 5,SOURCE 6,SOURCE 7
FALSE,A5 Steakhouse,"Steakhouse, Happy Hour",$$$,U. Station,"What separates this steakhouse from the pack is a sense of playfulness that speaks to the moment. Against a backdrop that defies genre stereotypes in lively shades of green, the kitchen likewise upends expectations through the diversity of its influences — deftly supplementing those exquisite cuts of beef with, say, Mexican-style bay shrimp cocktail, maitake-porcini poutine, tamarind chutney–glazed rack of lamb with saag curry, and bacon-and-kimchi fried rice. But the real surprise here is happy hour, when the bar is hopping with those in the know chowing down on burgers and French dips at pre-pandemic prices.",Eater: Best Restaurants ,Eater: Best HH,,,,,
TRUE,African Grill and Bar,African,$,Lakewood,"Walk in a first-timer, walk out a family member: That’s what a meal at African Grill and Bar feels like. Owners Theo and Sylvester Osei-Fordwuo emanate warmth while also cooking dishes that showcase the diversity of regional African cuisine. For newcomers, fufu or red red with goat or oxtail are great places to start, cooled by the fresh ginger drink; regulars, meanwhile, tend to work their way through the menu until they’ve tried every last stew and staple starch.",Eater: Best Restaurants ,Eater: 38 best restaurants,,,,,
FALSE,Alma Fonda Fina,"Mexican, Spanish",$$$,Highlands,"Walk in a first-timer, walk out a family member: That’s what a meal at African Grill and Bar feels like. Owners Theo and Sylvester Osei-Fordwuo emanate warmth while also cooking dishes that showcase the diversity of regional African cuisine. For newcomers, fufu or red red with goat or oxtail are great places to start, cooled by the fresh ginger drink; regulars, meanwhile, tend to work their way through the menu until they’ve tried every last stew and staple starch.",5280: Denver's 25 best,Eater: Best Restaurants ,Westword: 100 restaurants we can't live without,James beard award winners,Eater: Best Romantic,one Michelin star,Eater: 38 best restaurants
TRUE,Alteño,Mexican,$$$,Cherry Creek,"How does Johnny Curiel do it? Marking his fourth opening in just over a year, this Cherry Creek hot spot is every bit as fabulous as its siblings Alma Fonda Fina, Cozobi Fonda Fina, and Mezcaleria Alma, though it’s got a personality all its own. In the low-lit, handsome den-like space, the kitchen turns out dish after dish of refined Mexican fare, including kanpachi crudo tostadas with uni and avocado, queso fundido reimagined with wild mushrooms al ajillo and pasilla salsa, and slow-cooked lamb shank with guacachile and garbanzo consommé alongside handmade tortillas. And the beverage program’s equally suave: While stylish cocktails such as the Old Fashioned with pepita-washed tequila, cardamom, and mole bitters go without saying, a larger-than-expected list of wines by the bottle ups the ante for date night.",3 new Michelins,Eater,Wesword: Best HH,,,,
FALSE,Annette,"Foodie fusion, American",$$$,Aurora,"Chef Caroline Glover hasn’t let stardom go to her head: After all, her renown — cemented by a 2022 James Beard Award for best chef, Mountain region — is predicated on the down-to-earth, heartfelt approach to both cooking and hospitality she takes at Annette, located in Aurora’s Stanley Marketplace. Guests feel well cared for as they tuck into signatures like grilled beef tongue and marrow toast or roast chicken with bitter greens and PX sherry vinegar alongside seasonal dishes such as ricotta cavatelli with celeriac, preserved lemon, hazelnuts, and fried capers; milk-braised lamb shoulder with grits, charred ramps, and chimichurri; and ice cream sandwiches in ever-changing flavors (think snickerdoodle and orange). Knockout cocktails and a boutique wine list enhance the feel-good experience.",Eater: Best Restaurants ,Eater: Best Romantic,Eater: 38 best restaurants,,,,
TRUE,Ash'Kara,"Mediterranean, Israeil",$$$,Highlands,"This Israeli restaurant in Denver’s Highland neighborhood gets its name from Hebrew street slang meaning “right on” or “totally.” Anchored with a mezze-leading menu, Ash’Kara serves up contemporary Israeli — or “unorthodox,” its own winking description — cuisine with influences from Mediterranean, North African, and other Middle Eastern countries. Find dishes like whipped labneh laced with blistered snap peas, strawberry, and lemon Agrumato olive oil, and tagines that span zucchini and squash, chicken, and lamb rib varieties. A three-course “feast” is offered for $45.",Michelin recommends,,,,,,
FALSE,Baekga,Korean,$$$,Lowry Field,"BaekGa is the kind of restaurant that makes Korean natives feel at home. One bite of its rich sundubu (spicy soft tofu stew) proves that point. Its LA Galbi, a sliced three-bone Angus short rib, is a true indulgence that’s tender, smoky and packed with deep, savory-sweet flavor. While the menu is on the pricier side, all main plates are meant for two and come with an overflowing spread of banchan, steamed rice and fresh, crisp lettuce for ssam (wraps); we’ve never had to request a banchan refill here. And the kimbap? It’s as big as your forearm.",5280: Denver's 25 best,Westword: Best of,,,,,
FALSE,Bar Dough,"Italian, Happy Hour",$$,LoHi,"The Culinary Creative Group is a powerhouse on the Denver dining scene – it’s behind such heavy-hitters as A5 Steakhouse, Señor Bear, Kumoya and more. At Bar Dough, its Italian spot in LoHi, chef Russell Stippich and his team excel at consistently delicious and creative fare, from pizza and pasta to small plates that highlight seasonal ingredients. While we love it for dinner, it also offers an excellent happy hour with specials on spritzes and bites like arancini, and you can start your day with carbonara and pizza topped with hollandaise during its weekend brunch.",Westword: Denver's best italian,Eater: Best italian,Eater: Best Pizza,,,,
FALSE,Barolo Grill,Italian,$$$$,Cherry Creek,"You might find crunchy, beaded tapioca crackers alongside classic tartare or pearls of balsamico and basil gelée in the caprese appetizer, but these modernist touches are offset by old-world Italian ingredients like eight-year-aged Acquerello carnaroli rice—plump as beans—in risotto and rare Castelmagno cheese in a blissful cheesecake for dessert.",3 new Michelins,Best in Denver 2025,Eater: Best Romantic,Eater: 38 best restaurants,,,
TRUE,BearLeek,"Experimental, Foodie fusion",$$$,RiNo,"The Trendy Spot With Culinary Chops. Opened in July at 2611 Walnut Street (in the former RiNo home of Osaka Ramen). Owned by Harrison Porter and Rema Maaliki, first-time restaurateurs who met while working at Mercantile in Union Station. What does the name mean? It’s a nod to the English translation of the German word for “ramp,” and there are plenty of bear touches throughout.",3 New Bites,Infatuation,Best new in 2025,,,,
FALSE,Beckon,Foodie fusion,$$$$,RiNo,"Chef Duncan Holmes’ 18-seat restaurant Beckon serves guests a contemporary, multi-course tasting menu ($215 per person) that changes with the seasons. Known for its vivacious energy, Beckon’s menu is hardly predictable: Courses run the gamut from seared pork belly served with rutabaga and apple, snapper with turnip and shiso, and chocolate honeycomb with pomegranate pate de fruit and brown butter shortbread. Check the website for the latest menu. (1 star)",one Michelin star,Eater: 38 best restaurants,,,,,
FALSE,Blackbelly Market,American,$,Berkley,"""Budget Friendly""",Westword: 100 restaurants we can't live without,,,,,,
FALSE,Blackbelly Market,American,$$$,Boulder,"Farmhouse-chic eatery & butcher shop for charcuterie, burgers, steaks & hand-cut Kennebec fries.",3 new Michelins,,,,,,
FALSE,Boombots Pasta Shop,"Italian, Foodie fusion",$$$,5 points,"...Despite its pasta focus, this isn’t an Italian joint. Instead, it takes inspiration from all over for a menu that’s a pleasure to explore. Start with the best charcuterie board in the city and an order of Big Ass Mozz Stix before moving on to options like the dirty martini bucatini (which you can pair with a pasta water martini), samosa agnolotti, or smoked duck and green chile lumache. Boom!",Best new in 2025,,,,,,
FALSE,Boychick,Mediterranean,$$-$,Aurora,"With the breezy vibe of a modern beach house, this Stanley Marketplace newcomer feels as close to the shores of the Mediterranean as Aurora, Colorado, ever could — and the appealingly simple, simply appealing menu matches the atmosphere. Start with a spread like muhammara or golden-beet toum to accompany pita; move on to chicken shawarma or falafel, whether piled atop hummus or stuffed into a sandwich, alongside the Tel Aviv Caesar with pistachio dukkah and za’atar; and take the opportunity to peruse the small but super-cool wine list — it’s full of affordable surprises.",Eater: HOT new ,,,,,,
FALSE,Broadway 10 Bar & Chophouse,Steakhouse,$$$,Cherry Creek,"...sleek interior, attentive service, expansive menu…and that bacon. Start your meal with the bacon flight, and you’ll be in hog heaven here.",Best new in 2025,,,,,,
FALSE,Bruto,"Foodie fusion, Mexican, Pan Latin",$$$$,U. Station,"As at sibling The Wolf’s Tailor (which also makes frequent appearances on this map), much of what drives the intricate, stunningly presented tasting menu at this intimate chef’s counter inside the Free Market in LoDo is a commitment to sustainability that manifests in everything from a meticulous approach to sourcing local and heritage ingredients to a low-waste program relying in large part on fermentation projects of all kinds. But Costa Rica-born chef/partner Byron Gomez’s global outlook and a wood-fired oven are also major sources of inspiration. Beyond that, no spoilers: Just come with an open mind, opt for the beverage pairings, and prepare for a fully multi-sensory experience.",Eater: Best Restaurants ,one Michelin star,,,,,
FALSE,Carmine’s Italian Restaurant,Italian,$$$,Wash Park,"The original Carmine’s on Penn has held down its corner of Pennsylvania and Bayaud since 1994. When the restaurant opened, it was intended as a place where large groups could converge and enjoy themselves without thinking too much about what they were eating – ordering big platters of Italian food served family style, which is still the approach today under owner Brad Ritter, who purchased the restaurant in 2006. (Now, though, you can also opt for servings meant for two.) 

In the summer of 2021, its lighter, brighter sister restaurant, Carmine’s at McGregor Square, debuted near Coors Field, where it delivers the same crowd-pleasing fare to tables covered with brown paper and adorned with a cup of crayons so that kids and adults alike can color through the courses.",Westword: Denver's best italian,,,,,,
TRUE,Carne,Steakhouse,$$$,RiNo,"As prolific as she is beloved, chef Dana “Loca” Rodriguez strikes again with this RiNo steakhouse for the cool kids. The groovy retro-mod atmosphere is nearly as big a draw as the globally influenced menu — but not quite, as it’s hard to outshine such bangers as grilled achiote-rubbed octopus with cannellini bean salad and olive tapenade, an Argentinian-style duo of tri-tip and chorizo with red chimichurri, and confit duck legs in orange glaze. Tableside martini service and a buzzing mezzanine-level lounge up the glam factor that much more.",Eater: HOT new ,5280: Denver's 25 best,Eater: 38 best restaurants,,,,
FALSE,Chopstix Fusion,Chinese,$,SE,"The “chef’s special” section of the menu at this wee sleeper hit on the Aurora border offers more than enough to satiate a Chinese chowhound in one sitting: Hong Kong–style classics like beef chow fun with XO sauce, stir-fried flowering cabbage with garlic, clams in black bean sauce, and fried rice with dried scallop and egg white show the kitchen’s deft and delicate touch. That said, some of its greatest hits are off-menu: Ask for the crunchy, silky salt-and-pepper tofu, call ahead to order crab and lobster, and don’t overlook the pastry case, where crepe cakes in flavors like durian and chestnut await.",Westword: 100 restaurants we can't live without,Eater: Best chinese,,,,,
FALSE,Cimera,Pan Latin,$$$,RiNo,"We’ve long loved the rooftop views on the top floor of the Source Hotel, but with the October opening of Cimera in the space that was formerly the Woods, the food, drinks and decor are now as much of a draw as the downtown vistas. Former Hop Alley executive chef Geoff Cox is leading the team at this pan-Latin spot, along with consulting Peruvian chef Diego Muñoz. Brightly colored murals bring a vibrancy to the space, while bites like the tuna tiradito, papa rellena and pork belly skewers are early standouts.",Best new in 2025,,,,,,
FALSE,Colorado Sake Co. Tasting Room,Japanese,$$,RiNo,"American-style sake brewery, tasting flights, Japanese small plates, behind-the-scenes production tour",,,,,,,
TRUE,Coperta,"Italian, Brunch",$$$,Capitol Hill,"In 2016, Paul and Aileen Reilly, the brother-and-sister team behind beloved Uptown eatery Beast + Bottle, opened the Roma-inspired Coperta in North Capitol Hill. Since then, Beast + Bottle has said goodbye, but Coperta has remained a neighborhood mainstay through it all. The dining room feels both classy and comfortable, with warm service that makes every guest feel like a regular while they’re digging into housemade focaccia, classic pastas like cavatelli ragu and rigatoni carbonara, and such Coperta staples as the Pollo Alla Diavola, a half-chicken with a side of heat thanks to the addition of Calabrian chiles. In late 2023, Coperta also added a weekend brunch, and be sure to look out for its special Little Italy nights when it pays homage to red sauce classics like chicken piccata and fried mozzarella.",Westword: Denver's best italian,,,,,,
FALSE,Corsica Wine Bar,"Mediterranean, Happy Hour",$$$,RiNo,"While it has rustic good looks and a high-energy crowd in common with Barcelona Wine Bar, its Spanish sibling a few blocks away, this RiNo arrival distinguishes itself with a Mediterranean-inspired menu and beverage program all its own. Smart small plates like chicken liver mousse with pear mostarda and crostini, baked lumache in spicy crab sauce with preserved lemon, and the must-try collard leaf–wrapped cornbread with honey and chiles pair perfectly with equally snazzy cocktails, including the Le Rigmarole with vodka, Suze, honeydew, milk powder, and fennel pollen — but don’t overlook the wine list: It’s a treasure trove of lesser-known finds from the region such as Ligurian Lumassina and Irouléguy Rouge, the majority of them organically and/or biodynamically farmed.",Eater: HOT new ,Eater: Best HH,,,,,
FALSE,Cucina Bella,"Italian, Brunch, Happy Hour",$$,Aurora,"This eatery debuted in November 2022 in a strip mall on East Alameda Avenue, just west of South Havana Street. That location could make it easy to overlook Cucina Bella, but don’t: The owners of the restaurant have some serious culinary skills. Brothers Luis and Heriberto Gutierrez are originally from Durango, Mexico, but have been cooking in Denver for over two decades. At their first venture as owners, the fine-dining-style take on the food belies the plain exterior, and the kitchen’s commitment to quality comes through with every bite. Start with a generous pile of crispy calamari with Calabrian chile aioli before digging into pizza, pasta and larger entrees like veal saltimbocca. Cucina Bella also offers weekend brunch with nods to the owners’ Mexican heritage, as well as a happy hour with specials on bites and booze.",Westword: Denver's best italian,,,,,,
FALSE,Dân Dã,Vietnamese,$$,E Colfax,"The much-missed Savory Vietnam has happily been reincarnated as this instant sensation on East Colfax, whose snug dining room bustles at all hours with families and friends digging into DIY spring roll platters and clay pots featuring catfish or pork belly and bamboo shoots. As favorites go, front-runners include ốc len xào dừa (periwinkles in lemongrass-coconut sauce); áp chảo xào thập cẩm (rice cakes with beef, chicken, and shrimp in oyster sauce); deep-fried whole sea bass in ginger sauce; and the tequila-based Salty Pickled Lime Spritzer to wash it all down.",Eater: HOT new ,5280: Denver's 25 best,Westword: 100 restaurants we can't live without,Eater: 38 best restaurants,,,
FALSE,Denver Botanic Gardens Evenings al Fresco,,$$,Capitol Hill,"Illuminated garden paths, live music performances, botanical cocktails, night photography workshops",,,,,,,
FALSE,Dough Counter,Pizza,$,University Hills,"“Feed Your Face,” reads the sign on the back wall of this University Hills counter joint from the owners of Marco’s Coal Fired (see above), and that’s an order: One slice of its airy-on-the-inside, crunchy-on-the-outside Sicilian-style pan pies — be it the Big Mac with ground beef, cheddar, onion, shredded lettuce, and secret sauce or the Triple Threat with marinara, vodka sauce, and pesto — is a meal in itself. On the “lighter” side are New York–style pies like the Loaded Baked Potato with bacon, cheddar, jalapeño crema, scallions, and — get this — French fries.",5280: Denver's 25 best,Eater: Best Pizza,,,,,
TRUE,Fisn N Beer,"Seafood, Happy Hour",$$$,RiNo,"Though it’s as close as the Mile High City gets to a good old Cape Cod oyster shack in terms of vibe, the culinary influences on the menu at this tight squeeze of a seafood joint in RiNo extend far beyond the Eastern Seaboard — from Lake Superior smelt fries with tartar sauce and Louisiana Bay rock shrimp to snapper ceviche and Italian-inspired steamed mussels with Calabrian chiles. Come dessert, believe them when they say the key lime pie is the best in town.",Eater: Best Restaurants ,Wesword: Best HH,,,,,
FALSE,Fortune Nong Jia Le,Chinese,$$,Wash Park,"One of Denver’s best Chinese restaurants, casual Cherry Creek fixture Fortune Wok to Table, now has a semi-upscale sibling in Wash Park West — which is good news for fans of its marvelous dumplings, noodles, and fried rice plates and even better news for folks who like to mix things up a little, since the menu here is a bit more diverse and seasonal. Dishes like clay pot beef and broccoli, Dover sole in garlic sauce, and seafood potage with tofu may be simple on paper, but they’re complex on the palate, and a small wine list is ably built to complement them.",Eater,,,,,,
FALSE,Fox and the Hen,Brunch,,Highlands,"Chef Carrie Baird loves breakfast, and now she has a spot where she can have fun with it. From the hot sauce wall to the collection of framed prairie dog art outside the bathrooms, quirky touches abound, but the food from this Top Chef alum shines on its own, too. Standouts include the Fancy Toasts section – Baird is known for topping slices of bread with a riot of flavorful ingredients – as well as a dish called Bobby Flavos, a huevos rancheros dish that commemorates her win over the smug chef’s win on his own TV show; an omelet inspired by a certain episode of The Bear; and animal-style hash browns.",Best Brunch,,,,,,
FALSE,Frasca Food & Wine,"Foodie fusion, Italian",$$$$,Boulder,"This foundational, James Beard Award-winning Boulder restaurant is known for its regional specificity (concentrating on somewhat lesser-known Friulian cuisine from northeastern Italy) and distinctly Coloradan approach. Four-plate prix fixe and fuller tasting menu options range from $150 to $215, with options for wine pairings, beer, classic aperitivi spirits, and irreverent drinks from its cocktail menu. While the dining menus rotate, visitors and regulars can expect hyper-creative, seasonal pasta dishes, grilled fish, and generous cuts of meat. (1 star)",one Michelin star,,,,,,
FALSE,Gusto,Italian,,Sloan's Lake,"The high-ceilinged setting may be urbane, but the food at Lon Symensma’s Italian outpost in Sloan’s Lake is almost homey at heart: The menu’s chock-full of crowd-pleasers like mozzarella di bufala with golden raisin caponata and crispy capers, pappardelle with wild boar and olives, eggplant parmigiana in “Sunday sauce,” and limoncello–olive oil cake. Equally appealing are a well-priced all-Italian wine list and a cocktail program that carries the theme through ingredients like agrumato and mascarpone.",Eater: HOT new ,Westword: 100 restaurants we can't live without,,,,,
FALSE,Hey Kiddo,"Korean, Fried Chicken",,Berkley,"Eclecticism is the name of the game for the id est hospitality group (see also Brutø below), and this red-hot Berkeley spot plays it with panache. Come for caviar service and pét-nat bubbles; stay for Korean-inspired fried chicken and cocktails laced with everything from aquavit to singani; stay longer for the shaken chef rice and a nightcap at adjoining bar OK Yeah — and don’t detract from the experience for a second by worrying about how to define it.",Eater: Best Restaurants ,Eater: 38 best restaurants,,,,,
TRUE,Hop Alley,Chinese,,RiNo,"Tommy Lee’s enduring RiNo favorite puts an exuberant modern spin on regional Chinese staples in an equally high-energy dining room. While all first-timers (if there are any left) should try the shrimp toast, Beijing duck roll, and bone marrow–fried rice, abundant seasonal and daily specials keep regulars coming back — whether for wok-fried catfish in oyster sauce and chili oil, black bean clams with charred scallion salsa verde, or foie gras–topped kaya toast at the reservation-only chef’s counter. The bar team is more than up to the pairing challenge the menu presents, known as they are for cocktails infused with Asian ingredients as well as a geeky selection of wines and ciders.",Eater: Best Restaurants ,5280: Denver's 25 best,Michelin recommends ,Eater: 38 best restaurants,,,
FALSE,il posto,Italian,,LoDo,"Chef Andrea Frizzi’s new RiNo Italian restaurant is beautiful and inviting, with a menu proven at his original, 9-year-running location. If you haven’t been in a while, now’s the time. And make sure to sit at least once at the chef’s counter.",Eater: Best italian,,,,,,
FALSE,Izakaya Den,Sushi,,,"Izakaya Den is Sushi Den’s sleek little sister, right next door on Old South Pearl Street. Izakaya Den is winner of the American Architecture Award for its refined design with an homage to its Japanese roots. Serving global cuisine and the same freshly sourced sushi as her big sister, Izakaya Den provides a memorable dining experience.",Eater: Best sushi,,,,,,
FALSE,Jacques,French,,LoHi,"""New + Noteworthy"" In September 2023, Brasserie Brixton co-founder chef Nick Dalton and friends William Steck and Simon Rochez debuted their take on a neighborhood French bistro in LoHi. The space is decked out with luxurious deep-green booths, marble-topped tables and plenty of gold accents. While Jacques feels upscale enough for a special occasion, any reason is a good one to settle into a cozy booth for favorites like mussels, duck confit, French onion soup, and maybe even a caviar bump or two.",Westword: 100 restaurants we can't live without,,,,,,
TRUE,Jovavina's Broken Italian,Italian,$$$,LoDo,"Vintage accents and candles on every table lend this LoDo hot spot half its considerable charm; the food does the rest. Like the wallpaper gracing one side of the dining room (take a close look), almost every dish takes an unexpected and delightful turn, be it bolognese made with elk and rosemary mascarpone, radishes poached in ’nduja butter and served with a garnish of pickled beech mushrooms and grilled sourdough, or cannoli filled with Earl Grey–infused ricotta — and the cocktails follow suit: Take, for example, the Friend of the Devil with mezcal, pisco, Ruby Port, Cynar, and mint grenadine.",Eater: Best Pizza,Eater: Best Romantic,,,,,
TRUE,Kawa Ni,"Japanese, Happy Hour",,Highlands,"Call it the “it” factor. With a rustic vibe and a come-as-you-are attitude, this modern izakaya has quickly become a home away from home for LoHi’s party people, who kick things off with cocktails like the Big Fat Old Fashioned featuring smoked bone marrow–washed bourbon before digging into a menu that’s full of adventurous twists and turns — from shaved broccoli miso goma with ham and burnt honey to pickled tofu bao with kimchi green tomatoes to congee with pork belly and collard greens. Sake bombs cap it all off with a bang.",Eater: Best Restaurants ,Eater: Best HH,Eater: 38 best restaurants,,,,
FALSE,Kike's Red Tacos,Mexican,$,LoHi,"Rich, heady with spices, and alternatively crisp, soft, and dripping with juice in all the right places, the birria tacos that captured the zeitgeist when Kiké’s launched as a food truck in 2020 are now on glorious display at its fast-casual brick-and-mortar in Sunnyside. The expanded menu includes quesadillas, tortas, burritos, and more — including must-try birria ramen — backed by an agave-centric cocktail list ranging from prickly pear–guava margaritas to spiked horchata.",5280: Denver's 25 best,Eater: 38 best restaurants,,,,,
FALSE,Kizaki,Sushi,$$$,Platt Park,"After more than 40 years as the creative force behind Sushi Den and its siblings on Old South Pearl, Toshi Kizaki is just getting started at this omakase spot. Beautifully serene decor sets the tone for a meal that flows oh-so-smoothly from one course to the next — about 20 in all — while incorporating not only sterling edomae-style sushi but cooked dishes such as chawanmushi with snow crab and smoked, grilled tuna collar into the mix. The fact that the sake and wine pairings are as thoughtful as the food should come as no surprise.",Eater,one Michelin star,Eater: 38 best restaurants,,,,
TRUE,Kumoya,Sushi,$$$$,LoHi,"It might seem like the gold-flecked, caviar-topped toro tartare (and other similarly extravagant dishes) are the main draw at Kumoya. But really, we find that we can’t stop thinking about the not-as-flashy plate of miso eggplant that’s broiled, topped with little puffed rice spheres, and tastes just as decadent as that gold toro. Pull up a stool at the sushi counter to watch the slicing and dicing, and be sure to come back later to spend some time at the attached Bar Kumo. The late-night menu of udon noodles and katsu curry bowl, not to mention cocktails with mushroom rum, shoyu, and sesame, are worth checking out.",,Eater: Best Romantic,,,,,
FALSE,La chiva,Colombian,$$,Platt Park,"This brick-and-mortar, spawned from the popular food truck of the same name, gives Denverites a cozy, colorful place to enjoy the cuisine of chef-owner Jorge Aguirre’s native Colombia. Try the sancocho, a hearty, slow-simmered soup made with chicken, green plantain, yuca, corn, and Colombian spices.",,,,,,,
TRUE,"La Diabla Pozole y Mezcal
","Mexican, Happy Hour",$$,LoDo,"As Denver’s first restaurant dedicated to pozole, La Diabla Pozole y Mezcal serves up the dish in its traditional rojo form as well as less-common takes on the staple broth: diners can find verde, blanco, negro, and vegan varieties. Aside from its namesake soup, pozole fans have access to other rich fare such as duck confit in mole negro and fish sizzled on a trompo and stuffed in a taco. Sample a mezcal flight while you’re at it.",Michelin recommends,Eater: Best HH,,,,,
TRUE,La Forêt,French,$$$,S Broadway,"Good news: The fairy-tale decor of Beatrice & Woodsley, designed to resemble an aspen grove in the mountains, has largely been left intact by the owners of the late great restaurant’s rustic French successor in the Baker neighborhood. Even better news: The fare lives up to the setting. Expressing commensurate whimsy are dishes like fried frog’s legs with sea beans and rosemary aioli, escargot au Champagne in veal demi-glace and hazelnut-Chartreuse butter, and wild boar ribs in blackberry-sage glaze — while cocktails such as the Duke of Mirepoix with gin, celery cordial, lime acid, and whey really tie the room together.",Eater: HOT new ,5280: Denver's 25 best,Eater: Best Romantic,,,,
FALSE,Little Arthur's,"Italian, Pizza",$$,Capitol Hill,"Anyone who thinks sandwiches and pizza can’t hit the heights of culinary ingenuity hasn’t heard of AJ Shreffler — which places them in a small minority among dedicated Denver diners. Meticulously sourced ingredients, the skills to match them, and generous portions ensure his cheesesteaks and pies live up to the hype while more than justifying their prices (around $20 and upwards of $30, respectively); snacks and specials like mozzarella sticks, loaded fries, and clams casino also make for a meal worthy of a white-cloth restaurant, though the sunny little beer bar Little Arthur’s is operating out of suits it just fine too.",Westword: 100 restaurants we can't live without,Eater: 38 best restaurants,Eater: Best Pizza,,,,
FALSE,Luchador Taco & More,Mexican,$$,Whittier,"Yes, this moody, mural-splashed Mexican hideaway in the Whittier neighborhood does serve tacos — and they’re delicious, including the octopus al pastor and the ribeye with grilled cactus. But by all means explore the “more” to which the name alludes, like the pescadilla, akin to a mahi mahi-stuffed empanada; the roasted wild mushrooms over polenta with goat cheese, salsa macha, and pipián verde; or the 24-hour beef cheeks in pasilla negro adobo with black beans, sesame seeds, pumpkin seeds, and handmade tortillas. Across the menu, chef-owner Zuri Resendiz achieves the depth and breadth of flavor that prove he’s more than a pretty face on the Food Network (though he’s frequently been that too).",Westword: 100 restaurants we can't live without,Eater: 38 best restaurants,,,,,
TRUE,Lucina Eatery,Pan Latin,$$$,Park Hill,"It’s a nightly fiesta in here, thanks not least to a pan-Latin menu that’s tailor-made for sharing with friends, including dishes like the Brazilian fish stew moqueca de peixe; Mexican tlacoyos with cochinita pibil, habanero onions, salsa macha, and garlic crema; Puerto Rican mofongo with pork belly chicharron and herb salad; and an ever-changing, weekends-only paella. But the vibe also points to the colorful, come-one-come-all culture cultivated by partners Erasmo Casiano, Diego Coconati, and Michelle Nguyen, whose bar plays its part in the party too as it whips up kicky cocktails like the La Guadaña with mezcal, corn liqueur, Yellow Chartreuse, almond, and charred lime.",Eater: Best Restaurants ,5280: Denver's 25 best,Eater: 38 best restaurants,,,,
TRUE,Magna Kainan,"Happy Hour, Phillipino",$$$,RiNo,"Tamarind. Calamansi. Ube. Green papaya. The flavors of the Philippines abound at this colorful RiNo newcomer — and happy hour (4 p.m. to 6 p.m. daily) affords the opportunity to explore them on the cheap. From yuzu highballs and shots of Filipino rum to lamb empanadas and pork belly musubi, almost nothing cracks the $10 mark, which is all the more reason that everything will crack a smile.",Eater: Best HH,,,,,,
FALSE,major tom,Small Plates,$$$$,RiNo,"While its adjacent sibling, prix fixe chef’s counter Beckon, regularly appears here, this jewelbox of a lounge in RiNo warrants inclusion in its own right thanks to a stellar Champagne selection; a small but superb seasonal roster of small plates like venison tartare with potato chips, mushroom tartine with English peas and tofu cream, and parsnip-walnut cake with cream cheese frosting; and service that’s crisp and kindly by turns. Dress up a bit, live a little, and come back a lot.",Eater: Best Restaurants ,5280: Denver's 25 best,Eater: Best Romantic,,,,
TRUE,MAKfam,"Chinese, Happy Hour",$$,Baker,"This 2024 Denver Bib Gourmand entrant, which began as a scrappy pop-up in New York, delivers playful takes on Chinese American fare at an approachable price. Find smaller plates like lip-numbing málà wings; chicken and chive dumplings; and a flaky, golden-fried scallion pancake. Larger-format dishes to share include corned beef fried rice; Hong Kong-style wok-fried tomato, scrambled eggs, and beef on rice; and tofu sizzling spicy noodles with chile oil, málà spice, and cabbage. Everything is well-labeled for allergens, and the drinks are just as irreverent; happy hour runs daily from 2 p.m. to 5 p.m.",5280: Denver's 25 best,Westword: 100 restaurants we can't live without,Michelin recommends,Eater: 38 best restaurants,,,
FALSE,Malinche Audio Bar,Mexican,$$$,Platt Park,"It’s part mezcal bar, where the spirit is poured from glass vessels traditionally used to age the spirit that hang above the bar, and a vibrant statue of Mayahuel, the goddess of mezcal, oversees the action. It’s also part audio bar in the spirit of Japanese kissas, but starring Alvia’s personal collection of vintage Mexican records. And the “nikkei” menu is a mashup of traditional Mexican flavors combined with Japanese influence. don’t miss the tamalito de conejo with rabbit braised in black miso and pasilla mix, or the nicuatole, a dessert of nixtamal custard unexpectedly topped with salmon roe.",Best new in 2025,,,,,,
FALSE,Margot,American,$$$,LoHi,"Chef Justin Fulton cooks up an on-point contemporary American menu, and while the dishes may not be as out-of-the-box as at similar restaurants, you’ll get fantastic takes on standards like beef tartare, dry-aged duck, and gnocchi with a Parmesan broth. Bonus: Oenophiles will appreciate the thoughtful wine pairings. https://www.margotdenver.com/",Denver Tasting Menus,one Michelin star,,,,,
FALSE,Marigold,European,$$$,Lyons,"Since opening Marigold in Lyons in 2022, chef Theo Adley has made an outsize impact on the small town. He earned a James Beard Foundation Award semifinalist nomination for Best Chef: Mountain in January, putting the Front Range enclave on the culinary map for his fine yet humble dinner fare, which draws widely from European gastronomy. Adley’s unorthodox flavor combinations (think: sea urchin, polenta, corn, black sesame, and Basque peppers) are likely what’s earning him such national recognition, but customers can take comfort in more approachable plates. Dishes such as half chicken under a brick and ragu-coated rigatoni cement Marigold as a neighborhood bistro worthy of regular visits. But Adley never fails to add a special touch: The chicken is paired with spigarello, an heirloom Italian green; the ragu has a hint of mint. That’s what elevates the restaurant to a higher culinary plane—and what makes the trip up U.S. 36 truly worth it.",5280: Denver's 25 best,,,,,,
FALSE,Mezcaleria Alma,Mexican,$$,LoHi,"Behind the bar at Mezcaleria Alma, there's a glowing dry-ager filled with hunks of bright red tuna. It's right next to a towering wall of mezcal that looks like an alcoholic 19th-century baron replaced his home library with booze. Remember that tuna. There may one day be statues erected to that tuna. Because while everything at Mezcaleria Alma is exceptional, the tuna tostada is otherworldly. Thin slices sit atop a marsh of guacamole and habanero mayonnaise and are then doused with an amount of chives that could only be described as Chia Pet-esque.",One star michelin,,,,,,
FALSE,Molotov Kitschen + Cocktails,Russian,$$$,Colfax,"The words “Eastern European food” and “sexy” rarely appear in the same sentence, but this snug East Colfax charmer may change that. Even the humblest and heartiest of ingredients — cabbage and carrots, bulgur and buckwheat — get the gourmet treatment from endlessly creative chef-owner Bo Porytko and his team, who transform them into refined dishes like young potato borscht with pistachio-potato relish, egg yolk jam, crispy leeks, and sauerkraut powder or kielbasa-stuffed, buttermilk-fried quail with smoked beet-radish slaw, all of which pair perfectly with horilka-based cocktails and wines from, say, Slovenia and Serbia. Book seats at their counter for the ultimate intimate experience.",Eater: Best Restaurants ,5280: Denver's 25 best,Eater: Best Romantic,Eater: 38 best restaurants,,,
TRUE,Mr Oso,"Brunch, Pan Latin",$$$,Highlands,"Mister Oso is a Latin American restaurant specializing in tacos with a twist — everything is served family style. Diners can find tacos, like the coconut-braised mojo pork and lamb cheek barbacoa, with a selection from the expansive cocktail menu encompassing mezcal palomas, and sangria by the carafe.",Michelin recommends,,,,,,
TRUE,Noisette Restaurant & Bakery,"French, Brunch",$$$,Highlands,"At once chic and slyly quaint, the dining room of Tim and Lillian Lu’s LoHi sensation sets the tone for a seasonal French menu that’s likewise sophisticated and soothing by turns — from veal sweetbreads in puff pastry with English peas, onion soubise, and Madeira cream to vadouvan-spiced confit duck leg with lentils, favas, and bacon to Dover sole meunière for two. Dessert is de rigueur, as are croissants and cannelés from the adjoining daytime bakery.",Eater: Best Restaurants ,5280: Denver's 25 best,,,,,
FALSE,Nozomi ,"Sushi, Happy Hour",,Sunnyside,"""Affordable high quality"". Nozomi in Sunnyside, which opened in early 2023, has a bar stocked with beautiful seafood and a menu with lots of options—including nigiri, sashimi, rolls, and temaki (hand roll) preparations that are harder to find in Denver. That encourages patrons to try fresh flavor combinations, such as seared scallop with decadent tobiko butter and citrusy yuzu kosho or ponzu-glazed seared yellowtail with chives, under the care of a friendly staff in a laid-back environment. Mosey in with the regulars during happy hour (Monday–Thursday, 4:30 to 6:30 p.m.; Friday–Saturday, 12 to 3 p.m.) for bomb deals such as $6 drinks and appetizers and three temaki for $12. 4100 Tejon St.",Denver's best sushi,,,,,,
FALSE,O Lien Kitchen,Vietnamese,,Westwood,"""New + Noteworthy"". This Vietnamese spot got its start inside the Viet Hoa supermarket before moving to a brick-and-mortar space in late 2023. While it has standards like pho and rice and noodle bowls, O Lien is also dishing specialties from Huế, including bánh khoái, a fried crepe made of rice flour that has a yellow hue from turmeric. It comes stuffed with pork, shrimp, egg, bean sprouts and veggies, and is an ideal starter before the main event: a large, piping-hot bowl of bún bò Huế.",Westword: 100 restaurants we can't live without,,,,,,
FALSE,Odie B’s,"American, Happy Hour, Brunch",$,Sunnyside,"Part coffeehouse, part sandwich shop, part day-drinkers’ delight, this Sunnyside smash hit is above all more than the sum of its parts. Bangers like the Boujee (scrambled egg, whipped herbed feta, greens, muhammara, and za’atar on focaccia), the Dirty Denver (green chile–braised short rib, cheese curds, mayo, and salt-and-vinegar crispy onions on a hoagie roll), and the mixed bag of fries make fast regulars of first-timers, who return again and again to hang out on the patio over, tequila-spiked Gatorade or green chile-laced bloody marys. Here’s a slice of neighborhood life. (Make that two slices: There’s now a location in RiNo.)",5280: Denver's 25 best,Eater: Best HH,Eater: 38 best restaurants,,,,
FALSE,Ototo,"Japanese, Brunch, Happy Hour",$$$,Platt Park,"Dinner OR brunch! ""With its mix of inventive fare, preparations of fresh seafood (flown in daily for all three eateries), and more laid-back vibe, Ototo has finally found its verve.... Ototo will never be one of the Dens, and that’s fine with us, especially since the restaurant offers something neither of the others does: Sunday brunch. Trust us, the kara age chicken with matcha waffles is worth getting out of bed for.""",5280: Denver's 25 best,Wesword: Best HH,,,,,
TRUE,Pig and Tiger,Taiwanese,$$$,LoDo,"The Taiwanese Eatery With a Lot of Heart. Opened in August at 2200 California Street (in what was once part of its neighbor, Woods Boss Brewing Company). Owned by former Uncle head chef and season eleven Top Chef contender Travis Masar, and Taiwanese American chef Darren Chang.. What does the name mean? It reflects the chefs’ Chinese zodiac signs — Chang was born in the year of the pig; Masar is a tiger.
",3 New Bites,Best new in 2025,,,,,
FALSE,Point Easy,"Foodie fusion, Italian, Spanish, American",$$$,Whittier,"Sophistication meets ease at this date-night magnet in the Whittier neighborhood. Depending on the season, take comfort in the likes of mushrooms on toast with Marsala, cream, and thyme or shepherd’s pie–inspired gnocchi paired with a glass of wine from the smartly curated by-the-glass list; then take a chance on grilled octopus with chorizo-potato pavé and matsutake caramel or swordfish piccata with umami mayo alongside a cocktail featuring raiciilla, mushroom rum, and saffron. There’s no going wrong either way.",Eater: Best Restaurants ,5280: Denver's 25 best,,,,,
FALSE,Restaurant Olivia,Italian,$$$$,Wash Park,"From the kitchen, chef and co-owner Ty Leon’s technically perfect mezzalune, French onion ravioli (pictured), and anolini appear effortless, even if they require hours to get each fold of pasta, each subtle sauce, and each filling of caramelized onion or braised lamb just right. Weekly changes keep the food and cocktail menus fresh, accented by fermented, cured, pickled, and preserved fruits and vegetables. You might taste house-made ginger beer or kombucha in a drink or stone fruit preserves atop pecorino cheesecake for dessert—further evidence of how much thought the team puts into your every moment of bliss.",5280: Denver's 25 best,Eater: Best Romantic,Eater: 38 best restaurants,,,,
FALSE,Rougarou,Southern,$$-$,5 points,"Your Favorite Bartender’s Favorite Restaurant. Opened in August at 2844 Welton Street (in the former Five Points home of Dunbar Kitchen and Tap House and, most recently, Moods, Beats and Potions).. Owned by Mary Allison Wright and McLain Hedges, the duo behind Yacht Club (aka 2024’s best bar in the U.S.), with Wright’s brother, John David, heading up the kitchen. What does the name mean? A rougarou is a mythical cryptid and shapeshifting creature in Cajun culture; it reflects Wright and Hedges’ own ever-evolving Southern story that began in Chattanooga before moving to Denver.",3 New Bites,Best new in 2025,,,,,
TRUE,Safta,Israeil,,RiNo,"The shining star of the Source Hotel in RiNo is a showcase for chef Alon Shaya’s robust brand of modern Israeli cuisine. No meal here would be complete without an order of the wood-fired pita with hummus and an array of salatim, or small plates, such as baba ghanoush and whipped feta with fig vinegar; from there, go for the duck matzo ball soup, the crispy eggplant layered with tomato and herbed goat cheese, and the pomegranate-braised lamb shank — signature dishes all.",Eater: Best Restaurants ,Eater: 38 best restaurants,,,,,
FALSE,Samosa Shop at Honor Farm,,,LoDo,"""New + Noteworthy""",Westword: 100 restaurants we can't live without,,,,,,
FALSE,Sassafrass,"Southern, Brunch",,Berkley,"Though it once had three locations, Sassafras has scaled back, concentrating on its spacious Highland eatery with truly homey vibes (it’s located in two adjoining houses) where its serves Southern brunch from 8 a.m. to 2 p.m. on weekdays and until 2:30 p.m. on Saturday and Sunday. Alongside an array of mimosas and other libations is a selection of nine Bloody Marys, including the extra-large Proud Mary, a full 24 ounces of spiked refreshment. The food offerings include loaded mac and cheese, po’boys and Benedicts, as well as some longtime staples such as bison hash topped with two runny-yolked chicken-fried eggs.",Best Brunch,,,,,,
TRUE,Somebody People,Vegan,,Platt Park,"One of Denver’s only vegan restaurants also happens to be one of its coolest. Done up in fresh hues of turquoise, pink, and lemon yellow, it turns out an array of seasonal dishes that look simple on paper but prove satisfyingly complex on the plate, be it shaved celery with dates, smoked almond, and dill or roasted cauliflower with pistachio pesto, salsa verde, and vadouvan. The same could be said for full- and zero-proof cocktails that feature ingredients from Bolivian brandy to cantaloupe; the wine list, meanwhile, naturally emphasizes small biodynamic and organic producers. Opt for a multi-course tasting Tuesday through Saturday, then come back for the completely different, and surprisingly affordable, five-course Sunday supper.",Eater: Best Restaurants ,Eater: 38 best restaurants,,,,,
TRUE,Spuntino,"Italian, Indian",$$$,Highlands,"Spuntino is a special place. Chef Cindhura Reddy’s cooking is at once polished and deeply soulful, as revealed by her modern Italian menu subtly strewn with Indian influences: elk tartare with toasted masala aioli and ajwain seed crisps here, malai kofta–inspired gnocchi there (and whatever the pasta dish featuring goat may be, get it). Her husband Elliot Strathmann, meanwhile, oversees one of the city’s most exciting beverage programs, painstakingly sourcing uncommon wines from small producers while making his own amari and liqueurs. And the couple’s passion for cuisine extends to their — and their dedicated staff’s — warm and genuine approach to hospitality.",Eater: Best Restaurants ,5280: Denver's 25 best,Eater: Best Romantic,Eater: 38 best restaurants,,,
FALSE,Stowaway Kitchen,"Brunch, Japanese",,RiNo,"Inspired by their adventures abroad, owners Amy Cohen and Hayden Barnie opened this cafe in 2015 and have been serving up some of the most creative brunch fare in town ever since. Unlike the typical heavy, nap-inducing eats that fill most brunch menus, the food at Stowaway skews lighter and draws from global influences, with items like oyako-don, traditional Japanese donburi; an eggplant and halloumi sandwich and the colorful mushroom tartine, available from 8 a.m. to 2 p.m. Thursday through Monday. As befits a cafe, the coffee game is on point here, but so are the cocktails, which include the Duderino, Stowaway’s take on the trendy espresso martini.",Best Brunch,,,,,,
FALSE,Sushi by Scratch,Sushi,$$$$,Larimer Square,"Michelin-Starred Husband-and-Wife Team Bringing Speakeasy Sushi Spot to Larimer Square. Reservations are now open for the intimate, ten-seat omakase-style concept inside the former TAG space.",Best new in 2025,Eater: 38 best restaurants,,,,,
FALSE,TAG Burger Bar,Burgers,$$,Aurora,"After a nearly three-year hiatus, Troy Guard’s all-American joint is back in a bright and shiny new Central Park space, where burgers topped with everything from pork green chile to coconut red curry form the core of a menu that’s ringed round with nostalgic indulgences galore: Think burrata fritters, meatloaf with mushroom gravy and kimchi, and shakes like the TNT with tequila, Tang, and orange soda.",Eater: HOT new ,,,,,,
FALSE,Tavernetta,Italian ,$$$,U. Station,"While Frasca Food and Wine in Boulder (see above) may well be Colorado’s most famous dining destination, its Denver sibling is every bit as notable. Set on the Union Station platform in full view of the trains, the sleek restaurant and lounge takes a broader regional approach to Italian cuisine than its Friuli-focused sibling, proffering a seasonal menu that might find hamachi in acqua pazza with fennel, olives, and Calabrian chilies next to Puglian capunti with braised rabbit, English peas, and smoked ricotta salata next to classic bistecca alla Fiorentina; the splurge-worthy wine list naturally follows suit. And the service, of course, is as polished as the tableware.",Eater: Best Restaurants ,Michelin recommends,Eater: 38 best restaurants,,,,
TRUE,Temaki Den,Sushi,$$$,RiNo,"At the center of the action in RiNo marketplace The Source, this collaboration between the Kizaki brothers of Sushi Den fame and executive chef Kenta Kamo specializes in the eponymous hand roll. Yet the menu’s highlights range widely for its size, proving that Kamo is a talent to watch: They include not only the red shrimp and blue crab temaki but also the lobster, eggplant, and Wagyu nigiri and — to cap it all off — yuzu–black pepper sorbet.",Eater: Best Sushi,,,,,,
TRUE,The Bindery,"Foodie fusion, Brunch, American",$$$,LoHi,"If this LoHi bakery, cafe, and restaurant emanates eclectic energy from sunup to long past sundown, it’s all thanks to chef-owner Linda Hampsten Fox, as inexhaustible as she is imaginative. Influences as diverse as Italy, Israel, and Mexico reflect her globe-spanning career prior to settling here; they’re revealed by day in dishes like quinoa salad with roasted sunchokes, whipped tahini, and pumpkinseed pesto or duck hash with sweet potato, edamame, and squash and by night in seasonal creations ranging from scallop aguachile with strawberries, yuzu, and holy basil kombucha to roast chicken and radicchio flavored with sumac, urfa pepper, black garlic, and Aleppo chilis.",Eater: Best Restaurants ,Best Brunch,Eater: 38 best restaurants,,,,
FALSE,Tikka Grill,Indian,$$,Platt Park,"With a second location on 6th Avenue, this casual South Broadway spot is no frills but all thrills when it comes to Indian cuisine. The extensive menu deftly covers all the usual suspects — biryani, tandoori, tikka masala, saag, vindaloo — along with some less familiar dishes such as rajma-and-aloo (kidney bean and potato) masala and Goan fish curry, as well as a couple of Nepalese staples. Start with a vibrant chaat like the Bombay bhel and be sure to work some lamb into the meal one way or another.",Eater: Best Restaurants ,,,,,,
FALSE,Tofu Story,Korean,$$,Aurora,"The name says a lot: This Aurora Korean joint makes its own tofu, so a bubbling bowl of stew featuring the soft, creamy stuff is a must. But it doesn’t tell the whole story of the menu, which also includes excellent seafood like soy sauce–marinated crab and braised, half-dried pollock with potatoes as well as staples such as spicy tteokbokki (rice cakes) and galbi jjim (short ribs). Wash it all down with soju or beer brewed by sibling Mono Mono in Lafayette.",Eater: Best Restaurants ,,,,,,
FALSE,Traveling Mercies,Seafood,$$$,Aurora,"Oyster and cocktail bar: Chef and restaurant owner Caroline Glover opened her second concept in December 2023, just steps from her first restaurant, Annette. This cozy upstairs lounge that’s hidden from the crowds at Stanley Marketplace is one of the best places to catch a sunset. The menu is concise — just a handful of thoughtful items with a special focus on creative rum-based libations, carefully curated wines and coastal bites like shrimp cocktail, anchovies and East Coast oysters. ",5280: Denver's 25 best,Wesword: 50 best bars,,,,,
FALSE,Uchi,"Sushi, Happy Hour",$$$,5 points,"Denverites lucked out when James Beard awardee Tyson Cole picked RiNo to house the first Uchi outpost beyond his home state of Texas. In a gorgeous, glittering space beneath a rooftop greenhouse, his team turns out immaculate, stunningly intricate Japanese-inspired creations of all kinds — don’t miss the exquisite foie gras nigiri or the luscious kinoko nabe. But raw fish remains the centerpiece of the menu, from the signature yellowtail in chile- and orange-scented ponzu to seasonal and daily specials such as threadfin bream, goldeneye snapper, and bluefin otoro.",Eater: Best sushi,Eater: Best HH,,,,,
FALSE,Ukiyo,Sushi,$$$$,LoDo,"Hidden in a den of serenity below Bao Brewhouse in LoDo, this 12-seat chef’s counter specializes in Japanese-style multicourse tasting experiences that, at any given time, include around 20 dishes designed to honor tradition while reflecting the diverse background of chef Phraseuth Sananikone, be it chawanmushi with ikura or paella with squid ink. Of course, they’re also designed to be paired with sake and/or Japanese whisky, so do plan (and budget) accordingly — rideshare service recommended. (Reservations go without saying.)",Eater: HOT new ,,,,,,
FALSE,Venice Ristorante,Italian,$$,LoDo,"The old-school white tablecloth LoDo spot impresses with its glass enclosed floor-to-ceiling wine room and traditional cuisine. For suburban fans, another outpost of Venice Ristorante operates in Greenwood Village.",Eater: Best italian,,,,,,
FALSE,Wilde,Brunch,$$,Highlands,"In October 2023, chef-owner Lydee Lovett transformed her Highland restaurant Chicken Rebel into the breakfast-and-lunch spot Wilde. The pastel, coastal-inspired haven offers entrees like a crab cake Benedict, the Baja breakfast burrito with carne asada and Captain Crunch stuffed French toast. Forlorn fans mourning the loss of Lovett’s famed Chicken Rebel sandwiches will be thrilled that a Nashville hot version remains on Wilde’s menu.",Best Brunch,,,,,,
FALSE,Wok Spicy,"Sichuan, Chinese",$,Englewood,"If balance is the be-all end-all of good cooking, this warm, welcoming Sichuan-centric arrival on the Englewood scene is in the running for Denver’s best new Chinese restaurant. The interplay of vivid colors; crisp and tender textures; and umami, spicy, and herbaceous flavors distinguishes every last dish, from zesty wok-fried lotus root to oversized cumin lamb buns to green chili pork belly and pickled pepper beef to the singular dry pepper eggplant. A full bar pouring fruity retro cocktails only sweetens the pot (or wok, as the case may be).",Westword: 100 restaurants we can't live without,Eater: Best Chinese,,,,,
FALSE,Wolf's Tailor,Foodie fusion,$$$$,Sunnyside,"The Wolf’s Tailor’s tasting menu revolves around two seasons: the warmer months, when it spotlights fresh produce, and the cooler months when breads and fermentation reign supreme. Diners can enjoy each course paired with wines, cocktails, or zero-proof beverages. With a creative zero-waste ethos (such as recycling bread waste into sourdough gochujang), the Wolf’s Tailor has held a green star for several years and upgraded to Colorado’s only two-star restaurant. (2 star)",two michelin stars,,,,,,
FALSE,Woody's Wings N Things,"Wings, Pan Asian",$$,Westminster,"Though this Westminster sleeper hit does indeed serve wings — get them with lemongrass sauce — it’s the “things” that those in the know really flock here for: Page after page, the enormous menu entices with specialties from Laos, Cambodia, Vietnam, Thailand, and China, including seafood fried lort, chicken nam soot, duck larb, beef loc lac, and more. Gather a good-sized group to try a little bit of everything
",Eater: Best Restaurants ,,,,,,
TRUE,Xiquita Restaurante y Bar,"Mexican, Happy Hour",$$$,Uptown,"From the team behind Park Hill’s much-ballyhooed Lucina Eatery & Bar comes this Uptown homage to the foodways of Mexico City: Officially open on August 2, it’s already received recognition from Bon Appétit for its thoughtful approach to dishes like caldito de chilpachole, a seafood soup with masa dumplings; Cornish hen in mole Oaxaqueño; and sopes topped with barbacoa de lengua, salsa borracha, and queso fresco. The bar follows suit with the likes of tomatillo margaritas and Old Fashioneds featuring Mexican corn whiskey.",Eater: HOT new ,Wesword: Best HH,,,,,
FALSE,Yuan Wonton,"Chinese, Happy Hour",$$,N Park Hill,"The ever-changing menu at this airy, bustling smash success in Park Hill — open for lunch Tuesday–Friday as well as for happy hour Thursday–Friday — isn’t exclusively Chinese, but it is 100% triumphant. While chef/partner Penelope Wong’s technical chops are considerable, her food is imbued with as much heart and soul as it is reflective of her skill: Dumplings of all stripes burst with color and flavor, supplemented at any given time by such supreme comforts as dan dan noodles, congee, and Taiwanese popcorn chicken as well as a small but smart sake selection.",NYT: America's best restaurants,Eater: Best Chinese,James beard award winners,Eater: 38 best restaurants,,,
FALSE,,,,,,,,,,,,
FALSE,,,,,,,,,,,,
FALSE,,,,,,,,,,,,
FALSE,,,,,,,,,,,,
FALSE,,,,,,,,,,,,
FALSE,,,,,,,,,,,,
FALSE,,,,,,,,,,,,
FALSE,,,,,,,,,,,,
FALSE,,,,,,,,,,,,
FALSE,,,,,,,,,,,,
FALSE,,,,,,,,,,,,
FALSE,,,,,,,,,,,,
FALSE,,,,,,,,,,,,
FALSE,,,,,,,,,,,,
FALSE,,,,,,,,,,,,
FALSE,,,,,,,,,,,,
FALSE,,,,,,,,,,,,
FALSE,,,,,,,,,,,,
FALSE,,,,,,,,,,,,
FALSE,,,,,,,,,,,,
FALSE,,,,,,,,,,,,
FALSE,,,,,,,,,,,,
FALSE,,,,,,,,,,,,
FALSE,,,,,,,,,,,,
FALSE,,,,,,,,,,,,
FALSE,,,,,,,,,,,,
FALSE,,,,,,,,,,,,
FALSE,,,,,,,,,,,,
FALSE,,,,,,,,,,,,
FALSE,,,,,,,,,,,,
FALSE,,,,,,,,,,,,
FALSE,,,,,,,,,,,,
FALSE,,,,,,,,,,,,
FALSE,,,,,,,,,,,,
FALSE,,,,,,,,,,,,
FALSE,,,,,,,,,,,,
FALSE,,,,,,,,,,,,